,username,user_location,user_description,user_verified,date,text,hashtags,source
0,London,South Africa,"DJ/
producer/
Graphic Designer/
Entrepreneur 
_________________________
I just wanna make a living off all thatâ˜",False,2022-01-07 21:33:19+00:00,Corona is red ğŸ˜­ğŸ˜­ https://t.co/SDqI91woFL,,Twitter for Android
1,Esther Destina,BelgiÃ«,25 | ğŸ‡¹ğŸ‡· | â™ï¸,False,2022-01-07 21:30:47+00:00,Tested positive for corona &lt;/3,,Twitter for iPhone
2,Cheryl Fontini,Cape Town,,False,2022-01-07 19:24:48+00:00,"United Kingdom ğŸ‡¬ğŸ‡§ 
Study finds masks in schools virtually useless.

South Africa ğŸ‡¿ğŸ‡¦ 
NICD advises over-the-counter masks are useless.

Anyone who knows the size of a Corona virus particle   knowns this. https://t.co/g9s552pFbF https://t.co/apj55UeFAY",,Twitter Web App
3,Aunt Wabantwana,South Africa,Itâ€™s not that deep! | Tlogela go batla corner mo circleâ€™eng,False,2022-01-07 17:50:00+00:00,@MatsatsiMaredi 6 pack ya corona and a meal made by you ğŸ˜‡,,Twitter for iPhone
4,johan,BelgiÃ«,#ALWAYSFNATIC,False,2022-01-07 17:37:37+00:00,"@VettedBets lmao, Bayern has 13 players with corona or injuries",,Twitter Web App
5,Erika follow GTTR â­•@Getwine,Cape Town ,"Corruption, fraud, bad governance,     incompetence, crime, unemployment, violence 
Economic downfall.. are you not tired of this?
WE ARE. Let's free the Cape",False,2022-01-07 17:21:14+00:00,"ğŸ”´PANDEMIC OF GARBAGE

This photo shows the consequences of the insane Corona policy: masks, gloves, test kits, face shields and other plastic waste. Where are the climate alarmists? Hiding behind three masks, already waiting for the next vaccine....
SHARE this far and wide https://t.co/v9e4VkxpIX",,Twitter for Android
6,malcolm_murray,"Cape Town, South Africa","Farmer and fisher. Building a community based on ethical free trade. â€œIf socialists understood economics they wouldn't be socialists.â€ 
â€• Friedrich Hayek",False,2022-01-07 16:38:46+00:00,Corona lack of maintenance virus. https://t.co/UZLGJb8NXV,,Twitter Web App
7,Bapaletswe Diphoko,South Africa,"The power of a seed is not in its fruit, but in its death",False,2022-01-07 15:06:47+00:00,@KeletsoMss Atleast we stand a chance to choose which place to visit based on its hotness... The hotter it is the better.. Corona is not there...ğŸ˜ğŸ˜ğŸ˜,,Twitter for Android
8,Currently Infested with Corona ğŸ¦ ,"Cape Town, South Africa",Auto-correct says I'm not who I say I am // Reality is a lovely place but I wouldn't want to live there. #TSLA #BTC Bull,False,2022-01-07 14:52:50+00:00,"I still don't know where I got Corona ğŸ˜­

No one I know and saw last week has any symptoms or family with symptoms or anyone that tested positive that they know about.

It's so frustrating!!",,Twitter for Android
9,A Pisces,South Africa,Here for kikikis || unproblematic,False,2022-01-07 13:41:07+00:00,@da_voc Just nje. Iâ€™ll buy you Corona,,Twitter for iPhone
10,Black Heathen,"Cape Town, South Africa",Free Spirited,False,2022-01-07 10:46:53+00:00,@SuperSportTV BarÃ§elona is just wrong: they loaned Coutinho to Bayern and still are loaning him to Aston Villa..this is career and confidence destroying. Give him to the team that will appreciate him.,,Twitter for iPhone
11,Haider,Somewhere on the road,Lights out and away we go. #Petrolicious #TeamLH @f1,False,2022-01-07 10:10:01+00:00,Just wanna tell you that Karachi eat is overpriced with average food nothing special plus its crowded but if you still want to go? Its your choice. Thereâ€™s literally nothing special about it. And probably I think it wont happen cause of corona shit,,Twitter for iPhone
12,Dan Larusso.,South Africa,20%,False,2022-01-07 10:09:37+00:00,La Corona izohla kamnandi when I'm done with all this admin..,,Twitter for Android
13,shangaan princeğŸ‘‘ğŸ¦„ğŸŒˆ,Azania ğŸ‡¿ğŸ‡¦,"Digital content creator, lifestyle,..IG:chrisray1130 ğŸ‘‘",False,2022-01-07 08:26:56+00:00,Last time Trevor was here with Bill Gates kwa vela I Corona......manje he came back alone ? I wonder ba mthume ini ğŸ¤” ğŸ˜… https://t.co/0EOyiOpTve,,Twitter for Android
14,Pieter Botha,cape town,"Opensource:Linux/Mysql/Php/Node/JavaScrpit/AngularJs/HTML5/SCSS/CSS/ Developer and solutions architect.
Philosophy/ Sovereignty/ Reason/ Logic/ #Bitcoin",False,2022-01-07 07:48:53+00:00,"#Nuremberg2 #Nuremberg #NurembergTrialsForCovid 
ANC leaders will find themselves in the the Nuremberg court explaining their actions and the evidence they acted on.
The Corona Command Council will be hanged for TREASON against the people of #SouthAfrica
https://t.co/zVMx15UXcJ https://t.co/h6x5TGaLaL","['Nuremberg2', 'Nuremberg', 'NurembergTrialsForCovid']",Twitter Web App
15,toloki...........................................?,South Africa,Black Conscious,False,2022-01-07 07:39:48+00:00,@HermanMashaba Donâ€™t bring us corona the virus but the beer.,,Twitter for iPhone
16,Capestop,"Cape Town, South Africa","Things to do, on stage entertainment, markets, be activeÂ & news. Thus stop, stay & play in #CapeTown.",False,2022-01-07 05:35:00+00:00,"COVID-19 news update

#virus #lockdown #corona #omicron 
https://t.co/uGs0ZhjhQX https://t.co/BmBFsYsn85","['virus', 'lockdown', 'corona', 'omicron']",Twitter Web App
17,JC Emmanuel,CDO,donâ€™t chase attract,False,2022-01-07 04:42:08+00:00,"Agghhhh Iâ€™m graduating next semester, I just turned 21 &amp; Rudy Gobert got the rona for the 2nd time time flies soo fast!! Potaaa gusto Corona walang hiyaaa",,Twitter for iPhone
18,AB,South Africa,No one owns ANC Everyone can use colours of it and talk about it. Tsek,False,2022-01-07 03:49:52+00:00,@iamnovel_t @azania1023 You are not on SA wena On Corona someone was booed by the public at Alex maybe is that person your love and you think all people were blind to see like you.,,Twitter for Android
19,Becca Clagg,Somewhere On The Road,PICU Travel RN ğŸ©º | Summer Camp RN â£ï¸| Coffee Enthusiast â˜•ï¸ | Bookworm ğŸ› | Sci/Hist. Nerd ğŸ¤“ | Dog Mom ğŸ¶ | Lover of Wild & Lonely Places ğŸ–¤| Nomadic | She/Her,False,2022-01-07 00:16:12+00:00,@babyfeverMD I was getting report the other day and got told pt had OG Corona and itâ€™s been so long since Iâ€™ve seen/heard that I wanted to cry happy (ish) tears at the â€œnormalcyâ€ for a brief moment.,,Twitter for iPhone
20,Micael Corleone, Gardens ,"Free Rick Zoe
RIP Brisco
RIP Mama Keme ğŸ•Š",False,2022-01-06 22:41:14+00:00,She had corona https://t.co/KB7wc9rDqo,,Twitter for Android
21,Mrs Mathenjwa,"Cape Town, South Africa","A wife
mother 
diagnostic radiographer aka medical photographer",False,2022-01-06 19:22:58+00:00,@Corona_Lite23 @StaxCooks I was thinking this ğŸ¤£ğŸ¤£ğŸ¤£,,Twitter for Android
22,Tee eye á… ,South Africa,utata wo  thandiwe no thandokuhle,False,2022-01-06 17:58:37+00:00,"@News24 Lol nono they are starting, corona originated in Asia. Now africa is we are suffering the quencequencies.",,Twitter for Android
23,PROFESSOR !!,South Africa,"You owe SARS money in any form !!
Sars after your house??
Having nonsense with SARS let me know
Emergency tax help line (24/7)
0731685309
email -exports352@gmai",False,2022-01-06 17:39:01+00:00,@FireandIce1227 @TrishForTrump Biden did you copy the ANC and take Corona funding what new,,Twitter Web App
24,Bradley Jon Eaglefeather,Cape Town,"The Organic Intellectual, Transmedia Producer, DJ, Nanotechnologist | Creative Collaborative Media Design @theeaglesvision | https://t.co/wThRX7XMky aloha!",False,2022-01-06 14:56:10+00:00,Spacecraft Enters the Sunâ€™s Blistering Hot Corona for the First Time in History: An instrument made by scientists and engineers at the Center for Astrophysics has helped verify that â€” for the first timeâ€¦ https://t.co/M3vDy066ZQ | @SciTechDaily1 #SciTechDaily #Science #Technology https://t.co/fnwS201Eq2,,dlvr.it
25,Mjekejeke,South Africa,"the Hustler , Zulu man -âœŒï¸âœŒï¸âœŒï¸ğŸ§‘ğŸ»â€ğŸ¦¼ ##deep house big fan $&âœŒï¸",False,2022-01-06 14:12:13+00:00,"@News24 Fuck that we are with corona those rich guys they have already done their trillions so what now ,ğŸ¤·ğŸ¾â€â™‚ï¸Hheynina Hheynina ngiyanikhomba take your shit news and shove them up where the sun doesnâ€™t shine ğŸ˜¡always discover nx",,Twitter Web App
26,bomiikaz.n,"Cape Town, South Africa",Jaboukie Young-White fan account.,False,2022-01-06 13:43:26+00:00,A dagwood and a cold corona would be amazing right nowğŸ˜­.,,Twitter for iPhone
27,Thabiso âœ¨,"Kwa-Thema, South Africa",Young Man With A Big Heart â¤ï¸,False,2022-01-06 13:02:15+00:00,Why is the Corona maroon on F1? ğŸ˜­ğŸ˜­ https://t.co/pI0xn913ba,,Twitter for iPhone
28,Mexican,"Cape Town, South Africa",Suffering from an extreme case of not being richğŸš¶ğŸ¿â€â™‚ï¸,False,2022-01-06 12:54:39+00:00,1st frame why the hell is i Corona redğŸ˜­ğŸ˜­ğŸ˜­ğŸ˜­ğŸ˜­ğŸ˜­ https://t.co/V6Zc6f6xFp,,Twitter for iPhone
29,Tman,South Africa,"I'm a patriot.South Africa and Natives first.
Expropriation without Compensation.Cyril must fall.",False,2022-01-06 11:11:56+00:00,@VusiSambo And he contracted corona doing those get down moves.He is lucky his knees didnt lock.,,Twitter for Android
30,Dan Larusso.,South Africa,20%,False,2022-01-06 10:52:09+00:00,Weather is screaming Corona with a slice of lemon/lime..,,Twitter for Android
31,Uncle Gee ğŸ‘‘,"Cape Town, South Africa",IG: gomolemo_17 | Food guru | Lifestyle | Brand Ambassador | Digital Marketer | Promoter | Social Media Influencer | God is Great | ğŸ“§ gvseitlhamo@gmail.com,False,2022-01-06 10:12:51+00:00,@OliphantSihle Alright I actually enjoy drinking Corona than Black Label.,,Twitter for Android
32,Miss_OliphantğŸ¤,"Kimberley, Northern Cape","Student ğŸ“
Scorpio â™
I.G Miss_Oliphant_12
âš½ #12
19/06/21ğŸ•Šï¸",False,2022-01-06 10:07:58+00:00,"@GomolemoSA_ I'm telling you, Corona is nowhere close to Black Label.",,Twitter for Android
33,MaBhekzon,"Jozi, South Africa",DONDA is a masterpiece. Kanye West is the greatest artist of our generation!,False,2022-01-06 10:05:12+00:00,Thatâ€™s the price of six pack of Corona there by Fire &amp; Ice Menlyn ğŸ’€ https://t.co/enrzDzekaz,,Twitter for iPhone
34,king,"Cape Town, South Africa",sit back & watch me fly,False,2022-01-06 09:00:27+00:00,I was at pick n pay yesterday &amp; there was an aftershave I wanted but it was like R130 &amp; I thought to myself ha.a yi 6 ye corona le ğŸ˜‚ğŸ˜‚ğŸ˜‚,,Twitter for iPhone
35,NaNo-TecH,Cape town,"Just your average gamer. Getting by on memes, tweets and tech news.",False,2022-01-06 08:46:39+00:00,"So when a European nation discovers a new variant there's no travel ban?
What makes them better than the African nations they discriminated against?
#RacistEurope
New coronavirus variant identified in France https://t.co/63mzyqIQlg",,Twitter Web App
36,Ailer,Cape Town,You have every right not to follow back if only umhle.,False,2022-01-06 08:36:32+00:00,"Yeses!! Now why is Corona red? Agin that girl F2 her eyes wide open she knows what sheâ€™s up against, nigga on supper skinny with Russian bear on his pocket ğŸ˜­ğŸ˜­ğŸ˜­ https://t.co/I2ydhk8s2I",,Twitter for iPhone
37,Capestop,"Cape Town, South Africa","Things to do, on stage entertainment, markets, be activeÂ & news. Thus stop, stay & play in #CapeTown.",False,2022-01-06 05:30:00+00:00,"COVID-19 news update

#virus #lockdown #corona #omicron 
https://t.co/uGs0Zh1GZp https://t.co/GXr9tSt5qn","['virus', 'lockdown', 'corona', 'omicron']",Twitter Web App
38,Souwndchekker,BelgiÃ«,I know how to reproduce the best sound. 145db+,False,2022-01-05 22:29:31+00:00,"People who fear Corona should protect themselves. It's not up to me to protect them. That would put a burden on me I don't want to carry.

Thank you. https://t.co/XmzyWybjU0",,Twitter Web App
39,Currently Infested with Corona ğŸ¦ ,"Cape Town, South Africa",Auto-correct says I'm not who I say I am // Reality is a lovely place but I wouldn't want to live there. #TSLA #BTC Bull,False,2022-01-05 21:34:34+00:00,"It's official. 

I have fucking Corona ğŸ™†ğŸ»â€â™‚ï¸ğŸ˜­ https://t.co/FTh9fqpkTZ",,Twitter for Android
40,Societyâ€™s Menace,South Africa,I have a fear of butterflies,False,2022-01-05 20:21:42+00:00,@Mayy_uri Girl so bored she decided to turn into corona,,Twitter for iPhone
41,MelaninGoddessğŸ–¤ğŸ–¤ğŸ–¤,South Africa,spiritual journey,False,2022-01-05 18:48:15+00:00,"Marco proved that time traveling is real,he knew Corona virus was coming since 2013... https://t.co/pfI6q7BNL3",,Twitter for Android
42,Alicia Danster,"Cape Town, South Africa ","Future Intermediate Phase teacherğŸ‘©â€ğŸ«

Â°Huge Manchester City & England fanğŸ’™ğŸ´ó §ó ¢ó ¥ó ®ó §ó ¿
IG: @itsss_leecha",False,2022-01-05 17:49:06+00:00,"@NetflixSA no life, just corona. ğŸ˜·",,Twitter Web App
43,zelacost,South Africa,"Analogue at birth, digital by design. #VFX Twitter advocate. Student. Unapologetic food guru. Social media expert. Internet scholar. #VFX",False,2022-01-05 16:24:55+00:00,@GomolemoSA_ Corona has no taste though,,Twitter for Android
44,Ntokozo,"Rustenburg, South Africa",I am not my tweets. This is not my real personality. ğŸ¤¾ğŸ¾â€â™€ï¸  retired groovist.,False,2022-01-05 16:20:45+00:00,"Iâ€™m also done with savanna, Corona one way ğŸ¤ğŸ¾ https://t.co/24Ju46Uqv6",,Twitter for iPhone
45,Miss_OliphantğŸ¤,"Kimberley, Northern Cape","Student ğŸ“
Scorpio â™
I.G Miss_Oliphant_12
âš½ #12
19/06/21ğŸ•Šï¸",False,2022-01-05 15:29:24+00:00,"@GomolemoSA_ Stella &gt;&gt;&gt;&gt;&gt; Black Label yes, eseng Corona",,Twitter for Android
46,Uncle Gee ğŸ‘‘,"Cape Town, South Africa",IG: gomolemo_17 | Food guru | Lifestyle | Brand Ambassador | Digital Marketer | Promoter | Social Media Influencer | God is Great | ğŸ“§ gvseitlhamo@gmail.com,False,2022-01-05 15:24:09+00:00,Corona &gt;&gt;&gt;&gt; Black Label but nobody is ready for that talk,,Twitter for Android
47,M A K H O,South Africa,"YNWAâ™¥ï¸

DK Stan account",False,2022-01-05 14:27:43+00:00,"Corona, In The Multiverse Of Madness https://t.co/VHOtQzk0ye",,Twitter for Android
48,luv u,South Africa,a real life angel.,False,2022-01-05 12:57:52+00:00,@mandaB___ Me too but Iâ€™m back to pushing Corona promo mate,,Twitter for iPhone
49,#WebuyBlackeveryday,South Africa,"As within, so without!",False,2022-01-05 12:48:38+00:00,@daddyhope @Malindy40918020 @CyrilRamaphosa @PresidencyZA y'all are busy eating your boogers when are you deploying soldiers to help Minister of home affairs? You had no issue deploying them to force us into your Corona lies and when black people were killed by Indians in Phoenix,,Twitter for Android
50,Gabriele Vogel,South Africa,,False,2022-01-05 12:46:13+00:00,"@Snowbell8_8 I am taking all of this since day one of Corona, VitD even before. Not one day sick, not a sniffle. I even flew to Europe and back. For me itâ€™s a must take, according my doctor and pharmacist, I am all good ğŸ‘.",,Twitter for iPhone
51,luv u,South Africa,a real life angel.,False,2022-01-05 12:33:57+00:00,This Corona is going down so nicely.,,Twitter for iPhone
52,Ğ—ĞµĞ¼Ñ™Ğ° Ğ·Ğ¾Ğ²Ğµ Ğ¾Ğ±Ğ»Ğ°ĞºĞµ â›…ï¸â›…ï¸â›…ï¸,"Cape Town, South Africa",â¤ï¸ĞšĞ¾ÑĞ¾Ğ²Ğ¾ Ğ¸ ĞœĞµÑ‚Ğ¾Ñ…Ğ¸Ñ˜Ğ°ğŸ‡·ğŸ‡¸,False,2022-01-05 12:08:01+00:00,@alexpinter_stmk @AustralianOpen @steftsitsipas @Madison_Keys @HubertHurkacz @DjokerNole Open your eyes. Greed for money proves thereâ€™s no corona except control of population.,,Twitter for iPhone
53,Ğ—ĞµĞ¼Ñ™Ğ° Ğ·Ğ¾Ğ²Ğµ Ğ¾Ğ±Ğ»Ğ°ĞºĞµ â›…ï¸â›…ï¸â›…ï¸,"Cape Town, South Africa",â¤ï¸ĞšĞ¾ÑĞ¾Ğ²Ğ¾ Ğ¸ ĞœĞµÑ‚Ğ¾Ñ…Ğ¸Ñ˜Ğ°ğŸ‡·ğŸ‡¸,False,2022-01-05 12:06:32+00:00,"@AustralianOpen @steftsitsipas @Madison_Keys @HubertHurkacz The best tennis player ever KNOWS what to do with his body. No way that he has not so far consulted with true professionals. Even if not,  getting C19 jabs is his own decision. AO is craving for money, and Novak can suffice their greed. So, AOâ€™s greed proves thereâ€™s no corona.",,Twitter for iPhone
54,MtbApp,South Africa,"Curator of cycling stories... 
Race calendar Download the Mtbapp https://t.co/P2bDpj6kmM
Instagram @Mtbapp",False,2022-01-05 11:08:54+00:00,"CAUTION SHOULD BE EXERCISED WHEN RETURNING TO TRAINING  after Coronavirus
https://t.co/MKPQ5OGMBD",,TweetDeck
55,FlightCentreRSA,South Africa,"ğŸŒ Making travel dreams come true since 1994
âœˆ 47+ locations & 200+ travel experts across South Africa
ğŸ“ Tag your pictures with @flightcentrersa  0877 40 5018",True,2022-01-05 11:00:42+00:00,"2/3 Entry Statement within 48 hours of entry - https://t.co/kYjJQwTYPl
PCR Test 72 hours before flight or Antigen test 24 hours before flight
PCR test on arrival (paid on arrival or prepaid online - https://t.co/fEmPP5YX9p)",,Twitter Web App
56,Bafana G Moloi,South Africa,A seeker of knowledge   #mindyourgrind,False,2022-01-05 10:41:50+00:00,"@ThandiweThandz_ Maybe they should just keep it at Corona Virus... the names donâ€™t mean... to me, or to those it catches",,Twitter for iPhone
57,Riaan,South Africa,"Nature, photography, business. Husband, Father, SME Owner. Not a conformist. Independent thinker. On Twitter since 2013. ""Vivre Libre ou Mourir""",False,2022-01-05 10:40:54+00:00,"Connection between Corona and radiofrequency radiation.
https://t.co/TsQ0WGN7ao",,Twitter Web App
58,Mark Lockyer Meridian Realty,"Cape Town, South Africa","Member IEASA
A comprehensive real estate marketing service
Using Latest technology to market homes #findyourmeridian
#propertywesterncape #meridianrealtysa",False,2022-01-05 10:35:11+00:00,@SuperRedWine @melvanwykct Like the toilet roll scramble at the beginning of Corona. Panic buy your Easter eggs now! You donâ€™t know if there will be any left by April!,,Twitter for iPhone
59,Kompostina,"Cape town, South Africa.",Physics teacher.,False,2022-01-05 09:29:49+00:00,@daddyhope @SADC_News Thus how Corona is spreading,,Twitter for Android
60,Capestop,"Cape Town, South Africa","Things to do, on stage entertainment, markets, be activeÂ & news. Thus stop, stay & play in #CapeTown.",False,2022-01-05 05:25:00+00:00,"COVID-19 news update

#virus #lockdown #corona #omicron 
https://t.co/uGs0ZhjhQX https://t.co/wulcKusuE5","['virus', 'lockdown', 'corona', 'omicron']",Twitter Web App
61,ThÃ³riiso M LabuschagnÃ©,"Gauteng, South Africa","â€¢Journalism & Marketing

IG: https://t.co/JF9xHdB1X5 
TikTok: https://t.co/AHdKymxcO3
ğŸ“§: thorisogm23@gmail.com
Also, ORLANDO PIRATESğŸ–¤",False,2022-01-04 23:12:00+00:00,My gran. I want the cops to arrest her honestly. She's too old to be travelling mo Corona e kwatileng yana https://t.co/8t8AIN6l6B,,Twitter for Android
62,# devid@pretoria,South Africa,,False,2022-01-04 20:31:13+00:00,Let's all take all advice's from the president about corona virus and other related virus it will help us lot. https://t.co/pScpU39eIr,,Twitter for Android
63,Sakiiwo_NDAğŸ¦‚,"Cape Town, South Africa",I'm the last of my kind ||Manager @_UrbanSlang  Photography ||,False,2022-01-04 20:27:10+00:00,So thereâ€™s a 5th wave detected in Israel called Flurona.The news just said its a combo of the flu and Corona virus. Here we go again!ğŸ¤·ğŸ¼â€â™‚ï¸,,Twitter for iPhone
64,Dr Mahlombenyoka Ca(sa) pty Ltd,afrique du sud,"The only way for the African to progress is  together with other Africans,no i don't want to learn about binaries or cryptocurrency",False,2022-01-04 19:20:58+00:00,The zondo and friends tv show releasing its report gives me hope that corona is really winding down it was just pre-vaccine entertainment,,Twitter for Android
65,soke,South Africa,,False,2022-01-04 17:02:39+00:00,@WIONews @MollyGambhir Omicron is nothing else than the mutating vax variant - because that is what common cold viruses do! Wake up. It is compulsory for the vax to include a super spreader (corona) carrying the depopulation manipulated spike protein and graphene oxide as neuro linker!,,Twitter for Android
66,Dagga Magazine,South Africa,South African Dagga Culture & Activism Magazine,False,2022-01-04 15:15:53+00:00,"Dagga , drugs, counterfeit goods and a firearm in Op Corona December successes â€“ defenceWeb https://t.co/e3XCfZKCH6",,Dagga Magazine
67,Covid19_BelgiÃ«,BelgiÃ«,Two weeks to flatten the curve ğŸ¤¡,False,2022-01-04 13:26:21+00:00,"@disclosetv It's even worse: even the vaxxed need a negative test result -&gt; crazy!!!
https://t.co/HG62qA90En",,Twitter Web App
68,Dr. LelokaNdlovu wa Alkebulan,Aether ,AFRAKAN | alternative science | Activist | Alkebu-Lani | ABZU | Esoteric student | Sphithiphithi Evaluator | Earth is Flat | ChiGong/Tai-Chi student,False,2022-01-04 13:15:57+00:00,"@Rhadebelihle A thought came to me, that C is the Corona-Band, or the Choronzo band, Choronzo being their occult Al Guhl of the voidğŸ§",,Twitter Web App
69,Dazza',"Atteridgeville, South Africa",Passionate about farming || Entrepreneur,False,2022-01-04 13:15:07+00:00,@AndiMakinana Another covid scientific thingie here... Musk off u dnt worry camera sounds then put back corona shall nt see you. Re funny how we continue wth this madness,,Twitter for Android
70,Surya,India,"I stan the King.

Supports Indian Test cricket team, RCB, FC Goa and Man City

Follow for Memes, Edits and Funny tweets",False,2022-01-04 12:32:17+00:00,"Virat hasn't scored much runs since 2019 
He is a duplicate Kohli 
When corona came, Virat was affected and he died and wasn't informed to us
Duplicate Kohli has 50% talent of actual Kohli
Now you can see him not hitting centuries.ğŸ˜‡

Source: @Soumyajitkohli2 https://t.co/hw3vBgGlel",,Twitter Web App
71,King_SheleğŸ‘‘ğŸ¤´,"Cape Town, South Africa",I am currently living at Western Cape but originally from Limpopo ka GazakuluğŸ‡¿ğŸ‡¦proudly @Masandawana FCğŸŸ¡@Liverpool FCğŸ”´and @FC Bayern MÃ¹nchenğŸ”´ supporter.,False,2022-01-04 11:57:59+00:00,No January shall be formed against me and prosper...#Corona beke le beke...tot n tot https://t.co/U1qXWQiBRh,['Corona'],Twitter for Android
72,Pieter Engelbrecht,Cape Town,Gelukkig getroud. Software developer. Bly in die beste plek in die land - Northern Suburbs van Kaapstad ğŸ˜,False,2022-01-04 11:05:32+00:00,@coffeecalcs I've been watching that number on my own dashboard since this thing started... https://t.co/orvU5EVQAK,,Twitter for Android
73,The Outlier -,South Africa,|| Sapiosexual lover of Darkskin Women || Adv. Of Intellectual Democracy || I tweet politics & musings ||,False,2022-01-04 08:23:53+00:00,@MasterKGsa ''We only danced to Jerusalema because we were afraid to die of Corona'' ... https://t.co/vMr3mU43AE,,Twitter Web App
74,Lepara,"Cape Town, South Africa",This foe is beyond any of you.,False,2022-01-04 08:05:49+00:00,"Lucas Hernandez and Tanguy Nianzou have also tested positive for Corona and are therefore in domestic isolation. Dayot Upamecano, Josip Stanisic and Leroy SanÃ© were also missing, with them ""the diagnosis is not yet complete"". Stanisic had only tested positive in mid-November.",,Twitter Web App
75,Bethany Grey,South Africa,"I just try hard to be true to myself, and stand up for the truth.",False,2022-01-04 05:38:46+00:00,"@gibbs_justine @Twit68529048 @HeatherMack18 1. Vaccines are not a cure. They work best when everyone is vaccinated. Not everyone is vaccinated. That causes mutation.
2. These vaccines are proving not to be 100% effective for corona viruses.
3. We will never be rid of this Corona virus. Delta/Covid A are all still around.",,Twitter for Android
76,Capestop,"Cape Town, South Africa","Things to do, on stage entertainment, markets, be activeÂ & news. Thus stop, stay & play in #CapeTown.",False,2022-01-04 05:35:00+00:00,"COVID-19 news update

#virus #lockdown #corona #omicron 
https://t.co/uGs0Zh1GZp https://t.co/VZeQql4YSj","['virus', 'lockdown', 'corona', 'omicron']",Twitter Web App
77,S'bu,"Cape Town, South Africa","This is not a government funded activity, I have the right to discriminate.",False,2022-01-04 03:31:45+00:00,"@kwets11 Corona tastes like sugar free, vegan beer for diabetics.",,Twitter for Android
78,Kingsley_Nedu7 ğŸ‡¿ğŸ‡¦ğŸ‡³ğŸ‡¬,South Africa,"I am who God said i am
sonofmercyğŸ™",False,2022-01-03 21:02:37+00:00,Poor people respect Corona  more than the rich people  #theyisGod,['theyisGod'],Twitter for Android
79,Sibusiso,"George, South Africa",Saved by grace,False,2022-01-03 17:37:57+00:00,@LenkaBula @unisa Corona ayisa senzi nix. Unisa is the one that's actually going to kill us with stress. Imagine writing exams on the 27 October 2021 and no results to show for it. You get approval at work for funding yet you're not even sure if you've got placement for your next or  not,,Twitter for Android
80,soke,South Africa,,False,2022-01-03 16:14:24+00:00,@DrTomFrieden Well respected and well known scientists warned against it since 1978 when manipulated spike protein was planted on common cold Corona viruses in experiments ... Read info of Truth Commission on depopulation at Roodeplaat lab,,Twitter for Android
81,Mpumelelo Macu,South Africa,Commercial photographer | @redbullza Photographer | @nikon_sa Affiliate |  DJ - Mr Moeh 24 | Based in Johannesburg. Bookings: production@mpumelelomacu.com,False,2022-01-03 15:49:27+00:00,"Miss Corona, what have you done?!?! https://t.co/SBANwiMW6T",,Twitter for iPad
82,soke,South Africa,,False,2022-01-03 15:24:09+00:00,@mcknziedamsngr They knew about the manipulated protein planted then on the corona common cold virus as super spreader hiding behind the immune system of red blood cell life harvested from apes to decrease global poor populations... then came Starlink fuels and dispose it waking up latent Corona,,Twitter for Android
83,Lord of KnivesğŸ”ªÂ®,South Africa,Humanitarian | Let's all get equal opportunities | Assessment | Processing | Professional | Let's laugh togetherğŸ˜‚,False,2022-01-03 15:15:15+00:00,"@Sihle_Congo @phashake1 The order is based on Greek Alphabets, Flurona is not based on that.
But you may Google and check, Flurona is a condition where you have Corona and Flu at the same time, as much as I've gathered",,Twitter for Android
84,Ramabulana Lusani,South Africa,"IG: ramabulana_s





â—â—â—â—Real isnâ€™t whoâ€™s with you at your celebration; real is whoâ€™s standing next to you at rock bottom.",False,2022-01-03 14:24:23+00:00,"Corona asking how do i do it? 
Me: 
#Covid_19 https://t.co/Ba2Biazlbu",['Covid_19'],Twitter for Android
85,Agatha,South Africa,All tweets = â€œallegedlyâ€,False,2022-01-03 13:58:39+00:00,Craving for a cold Corona. ğŸ¥´,,Twitter for iPhone
86,Musawenkosi,"Kwa-Thema, South Africa","My existence is selvage denim, it's a vintage Hermes bag. All the stains just make it better.",False,2022-01-03 13:01:09+00:00,@BigBen_RSA Corona is the only beer excluding ciders that gives me hangovers or gets me sick. Yimbi la beer ay ğŸ˜£. I still drink it though sometimes.,,Twitter for Android
87,Lord of KnivesğŸ”ªÂ®,South Africa,Humanitarian | Let's all get equal opportunities | Assessment | Processing | Professional | Let's laugh togetherğŸ˜‚,False,2022-01-03 10:03:29+00:00,@BrianMoore_19 It's what you get when Flu and Corona play together in your body ğŸ˜‚ğŸ˜‚ğŸ˜‚,,Twitter for Android
88,Sakhekile Mali,"Milnerton, South Africa","I'm prisoner of hope, bound by my Faith",False,2022-01-03 09:07:09+00:00,@zsimayi Yep and also there is one in Mfuleni that is called Corona I thinkğŸ˜‚ğŸ˜‚ğŸ˜‚ğŸ˜‚,,Twitter for iPhone
89,Swiessens ğŸº,BelgiÃ«,Leo â™Œï¸ â€¢ 040898 â€¢ Grafisch ontwerper @popkornbelgium,False,2022-01-03 07:52:52+00:00,"2019:
2020: 
2021: 
2022: Corona achieved https://t.co/hCllPEN9nd",,Twitter for iPhone
90,Lord of KnivesğŸ”ªÂ®,South Africa,Humanitarian | Let's all get equal opportunities | Assessment | Processing | Professional | Let's laugh togetherğŸ˜‚,False,2022-01-03 07:33:59+00:00,"2022: What can I do to be interesting? I want to be a bit different from 2020 and 2021,
 well let me mix ""Flu"" and ""Corona"".
 Phela, people said I'm their year, I mustn't dissapoint. 
ğŸ˜‚ğŸ˜‚ğŸ˜‚
#flurona https://t.co/IJh79QAKJf",,Twitter for Android
91,Wentzel ğŸ³ï¸â€ğŸŒˆğŸ£,"Cape Town, South Africa","He/ him: Disarmingly honest, open minded, proudly queer...at times very misunderstood ğŸŒˆğŸ¥",False,2022-01-03 05:57:31+00:00,"@Aphiwe047_057 @theHirohito @IItumelenghappi Kwaaa ğŸ˜‚ ğŸ˜‚, ğŸ˜‚, he's probably tired of Corona, shem ğŸ¤·ğŸ½ğŸ˜ğŸ˜‚ğŸ˜ğŸ˜ğŸ˜ğŸ˜",,Twitter for Android
92,Capestop,"Cape Town, South Africa","Things to do, on stage entertainment, markets, be activeÂ & news. Thus stop, stay & play in #CapeTown.",False,2022-01-03 05:30:00+00:00,"COVID-19 news update

#virus #lockdown #corona #omicron 
https://t.co/uGs0Zh1GZp https://t.co/dS7SxijMTJ","['virus', 'lockdown', 'corona', 'omicron']",Twitter Web App
93,SHELLOMBALD,South Africa,Speaker of the Word. Living for Christ and doing all things through Him.  Humble but not ignorant,False,2022-01-03 04:46:57+00:00,"IF YOU KEEP YOUR EYES FIXED ON JESUS THIS YEAR, THE EGYPTIANS YOU SAW LAST YEAR YOU SHALL NEVER SEE THEM AGAIN. COME CORONA OR LOCKDOWN YOU WILL REMAIN A CONQUEROR",,Twitter for Android
94,uyand.aağŸ–¤,South Africa,,False,2022-01-02 22:29:54+00:00,@tamikamqhum you out jÃ¤ger alongside black label and corona? block me and ill block youğŸ’”,,Twitter for Android
95,Mastandi.,Tzaneen/ Johannesburg RSA ,"Proudly Tsonga ||â¤ï¸|| ğŸŒ ||
Occupational therapist UCT alumniğŸ“ || 
God || Aspiring entrepreneur ||U12 netball coach|| â™¿Athletics coach ||
IntrovertğŸŒ»
ğŸŒ±ğŸŒ¿ğŸ€",False,2022-01-02 22:00:05+00:00,Would have been esfubeni se ndoda yami right now till further notice but corona had other plans ğŸ˜­ğŸ˜­ğŸ˜­ğŸ˜­,,Twitter for iPhone
96,Farrokh Bulsara,BelgiÃ«,"Interested in crypto, specially CARDANO and the visions of the man behind it!",False,2022-01-02 20:31:45+00:00,"@visegrad24 It is so obvious, and really so easy to predict these things...you don't wanna know where we are 2 years from now! Corona is finished, just look at the charts..only Omikron that is just a cold..but still these actions are happening all over the world. If only people could see..",,Twitter Web App
97,Mr.BrownğŸ‡¿ğŸ‡¦,South Africa,"I know how to be quiet, shed a tear for a moment, and then pick up the gloves and fight again!",False,2022-01-02 18:06:41+00:00,"For me, my family, loved ones, enemies, friends, colleagues, my future bae, my continent to survive grief, Corona, vaccine, depression of all kinds, every desease under the sunand everything else I forgot to mention in 2022 till forever. â¤ï¸ğŸ™ğŸ¾ https://t.co/PwMQsavqUC",,Twitter for Android
98,DR. STRANGE ğŸ§ ğŸ§ ğŸ«€ğŸ«€,South Africa,"FOUNDER & PRESIDENT OF LEADERS OF THE UNIVERSE ENTERPRISE. philanthropist, investor, businessman,brain researcher, internğŸ§ surgeon, health advicer #whyyousingle",False,2022-01-02 17:52:34+00:00,"Welcome to earth

Now we have FLURONA

Mixture or influenza and corona virus ğŸ™†ğŸ»â€â™‚ï¸ğŸ™†ğŸ»â€â™‚ï¸ğŸ™†ğŸ»â€â™‚ï¸",,Twitter for Android
99,Marjan Fockedey,BelgiÃ«,1 Fockedey keeps the vaccine doctor away ğŸ¥° | YES to focused protection ğŸ†“ | People person regardless of vax status ğŸ‘©ğŸ¼â€ğŸ¤â€ğŸ‘¨ğŸ»|,False,2022-01-02 13:41:05+00:00,Corona disease treatment anno 2022 in Amsterdam ğŸ˜¢ https://t.co/657aZnZYOP,,Twitter for Android
100,Mthuthuzeli  Mpiti,"Cape Town, South Africa","Cars got soul,Love for Fighter Jet Aircraft,Military Stuff & Music.",False,2022-01-02 13:15:25+00:00,@MatraxRacing This was before Corona turned the world upside down ğŸ˜¥,,Twitter for iPhone
101,Nkullii,"Cape Town, South Africa",Nurse ClinicianğŸ‘©ğŸ¾â€âš•ï¸ ||Modimo le Badimo.    https://t.co/U2NVfgZxrm  ||thick thighs save lives ğŸ™ğŸ¾ || 11:11 gang,False,2022-01-02 12:33:28+00:00,"Sundays, preparing snacks and salads in the house whilst heâ€™s busy making the fire for a braaiğŸ¥º then he takes out a Sav for you, and a Corona for himself bese itâ€™s chill time ğŸ¤ŒğŸ¾",,Twitter for iPhone
102,BethRî¨€,South Africa ,"Éª'á´ á´Šá´œsá´› sá´‡á´‡á´‹ÉªÉ´É¢ á´›Êœá´‡ á´›Ê€á´œá´›Êœ ÉªÉ´ á´›ÊœÉªs Ò“á´€á´‹á´‡ á´¡á´Ê€ÊŸá´… , Éª É´á´‡á´‡á´… á´˜á´‡á´€á´„á´‡",False,2022-01-02 11:52:54+00:00,Are they counting the common cold as corona ? So then it means they will do this to the flu too. so do you need a flu shot or mrna shot to keep you save or did they discontinue the flu shot for a covid shot or does the flu shot now been replaced with mrna shot . what will help u? https://t.co/JRhFlRtVrQ,,Twitter for Android
103,#ArSilent,South Africa,"Making Original house mixes on SoundCloud, for your pleasure. Podcast coming soon.",False,2022-01-02 10:34:21+00:00,"Influenza + Corona = Florona Disease
ğŸ‘€ğŸ™‰ğŸ™…ğŸ¾â€â™‚ï¸
This can't be true, ITS ONLY DAY TWO 2022 CHILL THE FUCK OUT, OMG ğŸ¤£ğŸ¤£ https://t.co/Ovj7YrCEyG",,Twitter for Android
104,â”ƒSupermanâ”ƒ,"Johannesburg, South Africa",Iâ€™m just here for the LOLâ€™s and nothing more,False,2022-01-02 09:51:00+00:00,"Yesterday I drank Gin, Brutal Fruit, Corona, Breezer, Krone and Hunters Dry ..ğŸ˜­",,Twitter for iPhone
105,South AfriKOPITE,South Africa,"LFC adoring, Fun loving, House banging, Graphic designing Instigator. YNWA",False,2022-01-02 09:48:56+00:00,"@ValleyWye @bertiebenbow @calvinrobinson No, we havent.
1. Its not a vaccine. Look up the definition.
2. No flu or cold in over THIRTY years. CORONA Who?",,TweetDeck
106,Richard Geyser,Republic of South Africa,"Liberal ğŸ‡¿ğŸ‡¦ğŸ½â¤ï¸ğŸ™ğŸšµğŸ¼â€â™‚ï¸ğŸ‡¿ğŸ‡¦Conservative, Retweets not an endorsement my views are my own.",False,2022-01-02 09:14:50+00:00,@VusiSambo The building is a white elephant since the Corona Command Council took over running the country,,Twitter for iPhone
107,ğ•¶ğ–Šğ–›ğ–ğ–“ ğ–™ğ–ğ–Š ğ•¬ğ–™ğ–ğ–Šğ–ğ–˜ğ–™,"Cape Town, South Africa ","MAGA IS CANCELLED !!
I do not know all the facts but I aspire to learn as much as I can #secularism
I do follow back if you follow
DMs not for dating or romance",False,2022-01-02 09:04:17+00:00,"@CawthornforNC Fool ! Nothing lasts forever but with the way you going on, it is you who wants the pandemic to be forever.  Fauci wants to stop the spread of Corona so as to bring it and the associated practices to stop it to end.",,Twitter Web App
108,Capestop,"Cape Town, South Africa","Things to do, on stage entertainment, markets, be activeÂ & news. Thus stop, stay & play in #CapeTown.",False,2022-01-02 05:25:00+00:00,"COVID-19 news update

#virus #lockdown #corona #omicron 
https://t.co/uGs0ZhjhQX https://t.co/DKuZwTyLPS","['virus', 'lockdown', 'corona', 'omicron']",Twitter Web App
109,Amla SoulğŸ‡¿ğŸ‡¦ğŸ‡¿ğŸ‡¦,"Cape Town, South Africa","God fearing, deep house DJ a father, Hustler,

Umxhosa wapha kuthi.
NOT INTERESTED IN FOREX TRADING ğŸ˜¡ğŸ˜¡ğŸ˜¡ğŸ˜¡ğŸ˜¡ğŸ˜¡",False,2022-01-02 05:03:37+00:00,@Tshegof41572260 That equals to Corona,,Twitter for Android
110,Erika follow GTTR â­•@Getwine,Cape Town ,"Corruption, fraud, bad governance,     incompetence, crime, unemployment, violence 
Economic downfall.. are you not tired of this?
WE ARE. Let's free the Cape",False,2022-01-02 04:51:39+00:00,"@billynyaku ğŸ‡ºğŸ‡¬ UGANDA
 UGANDANS DISCOVER THE CORONA SCAM

 Ugandans noticed something suspicious about the COVID funeral They opened the coffin and found there was no body inside and the government faked death to fuel COVID fear https://t.co/EdXKuorhQQ

That is how you deal with politicians",,Twitter for Android
111,Sean Jefferies,"Cape Town, South Africa","Blogger, Christian, Sharks",False,2022-01-02 04:30:18+00:00,"@ScottAdamsSays #massformationpsychosis 
Perhaps, but not to this extent. The societal 'hypnosis' for corona virus and vaccines resembles a complex religious belief that will never end for some.",['massformationpsychosis'],Twitter Web App
112,Erika follow GTTR â­•@Getwine,Cape Town ,"Corruption, fraud, bad governance,     incompetence, crime, unemployment, violence 
Economic downfall.. are you not tired of this?
WE ARE. Let's free the Cape",False,2022-01-02 04:14:09+00:00,"ğŸ‡ºğŸ‡¬ UGANDA

 UGANDANS DISCOVER THE CORONA SCAM

 Ugandans noticed something suspicious about the COVID funeral.  They opened the coffin and found there was no body inside and the government faked death to fuel COVID fear.    @PartyOfAction  we must act now https://t.co/EdXKuorhQQ",,Twitter for Android
113,"In God we trust, everyone else bring data",Afrika Borwa,Jesus Christ is the only answer | Romans 10:9-17 | Peace unto Jerusalem | GeseÃ«n | #ACDP | Dataholic | Exposing COVID19 Askari | https://t.co/mSgcxqBE45 |,False,2022-01-02 01:00:00+00:00,"@RevMeshoe 

To justify fact that for 2 years the PCRhas been identifying normal flu as Corona, spawn fluronağŸ‘ 

#JesusChrist
cc: @AfricanApostles @CUFI @MakerereCHS @Israel @Wits_SRC @UCT_SRC @StelliesSRC @RhodesSRC @NWU_SRC @UW @waikato @MailOnline @VP 
https://t.co/WfVaWYn5rt",,Twitter Web App
114,Weri VonDee ğŸ³ï¸â€ğŸŒˆ,"Cape Town, South Africa","weed, gay tweets ğŸ³ï¸â€ğŸŒˆ and black lives matter (he/him)",False,2022-01-02 00:41:21+00:00,"Virus by Martin Garrix and MOTi is a lekker song to vibe with. (No, it has absolutely nothing to do with Miss Corona ğŸ™„)",,Twitter Web App
115,Tina.,"Cape Town, South Africa",â€œDo it look like we stressinâ€™?â€,False,2022-01-01 21:13:19+00:00,Feveronaâ€¦Corona and Fluronaâ€™s second cousin be like: https://t.co/QJefcMwg6P,,Twitter for iPhone
116,Tom Teulingkx,BelgiÃ«,"Sportsmedicine, chairman SKA , working for Belgian cycling federation, love my job",False,2022-01-01 20:08:19+00:00,Infographic corona en sport https://t.co/zfHH6kq79I,,Twitter Web App
117,Kian Eriksen,"Cape Town, South Africa","takes pics, designs things",False,2022-01-01 20:04:43+00:00,"@ziggibson @ProfTimNoakes Wow! So sorry, i didnâ€™t realize you are an expert on viruses and vaccines and that HIV and TB is just like a corona virus. ğŸ˜‚",,Twitter for iPhone
118,Ven69ğŸ’€ğŸ¸,"Eastern Cape, South Africa","Loves motivation, good humor, good music, good food, strong coffee and sport. Non-drinker. Take your racism elsewhere.",False,2022-01-01 19:51:28+00:00,@GreatMaestrojoy Even Corona will stay outta that neighbourhood! ğŸ˜³,,Twitter for Android
119,Lee,South Africa,By all means protect your peace. âœŒï¸||,False,2022-01-01 19:41:16+00:00,@TareinB True. But it tasted like Corona hence I didn't like it.. I guess I like my sugar drinks,,Twitter for Android
120,Africa ğŸ‡¿ğŸ‡¦ğŸ’–,South Africa,I love the root of all evilsğŸ˜› | Brenda FassieğŸ˜˜ | Winnie Madikizela-Mandela City.ğŸ”¥ğŸ˜â¤âœŠ,False,2022-01-01 17:28:39+00:00,@Khetha27154512 @NhlakainphoM @CyrilRamaphosa Yeah skeem and Corona should be over as well or we unseat the current president.,,Twitter for Android
121,Minenhle Mncwabe,"Cape Town, South Africa",African Amateur Individual Chess championship ğŸ¥ˆState Team Champs ğŸ¥‡ For Business or tournaments: minenhlemncwabe0@gmail.com,False,2022-01-01 16:57:17+00:00,"@chess24com 1 @FIDE_chess get the gift from fide to go to olympiad and be a guest (winner of checkmate corona virus). Play a tournament in Russia and get experience
2. reach 2. 1k elo rating
3.Achieve a goal of 1k subs on YT in our channel kasichess (talent search, tourny in South SA)",,Twitter for Android
122,Crypto Geesus ğŸ’œ,"Cape Town, South Africa",I'm so over politics. And into Crypto. If youâ€™re an anti-vaxxer then unfollow me now. No time for fools. #banterfam,False,2022-01-01 16:11:27+00:00,"Guys and girls 

Do yourself a favor and watch this. It really opened my eyes to whatâ€™s going on with corona, the vaccines and governments. Itâ€™s 3 hours long but well worth it. 

Thx @OhFuckItsRayner for pushing me to watch it. 

https://t.co/XjDdd5qsmJ https://t.co/KiNQ5eqTuu",,Twitter for iPhone
123,Moraka 2nd wa Phooko,Afrika Borwa,Leave primitive ideologies out or modernize them,False,2022-01-01 15:58:38+00:00,@Nonhla07093304 @Raesibe75539938 @Mngxitama2 He's still walking in the shadow of virus danger like the rest of the unvaccinated because Corona is not going anywhere my friend,,Twitter for Android
124,Muhammed Sheik,"Cape Town, Western Cape",Muslim | Medical Doctor | Passionate about Quraan | Youth Development | Radio Presenter @VOCfm | PRO @judasaofficial,False,2022-01-01 15:09:44+00:00,"People celebrating the lifting of curfew hours and partying away masklessly, thinking that Corona viruses left us, are exactly the reason COVID is here to stay.

Here's to 2024 for the earliest festivities! 

For now, let's 'enjoy' peoples lapse of judgement.

Booze now-Pay later",,Twitter for Android
125,Gondos Irina,BelgiÃ«,,False,2022-01-01 14:05:22+00:00,@BTS_twt_MlNSUGA and we most want the corona to disappear so we can come to concerts ğŸ‘ğŸ‘ğŸ‘ğŸ‘ğŸ¥°ğŸ¥°ğŸ¥°ğŸ’œğŸ’œğŸ™†â€â™€ï¸ğŸ™†â€â™€ï¸ğŸ™†â€â™€ï¸ğŸ˜‰ğŸ˜‰ğŸ˜‰,,Twitter for Android
126,lindy,South Africa,strong silent type,False,2022-01-01 12:23:34+00:00,This mom in the street is telling her child corona is gonna come get her if she doesnâ€™t go back in the house. Is this the updated â€œthat uncle is gonna kidnap you if you donâ€™t behaveâ€ ?  ğŸ˜­,,Twitter for iPhone
127,Sib,South Africa,portal of unpopular opinions,False,2022-01-01 12:18:40+00:00,"It had so many upgrades, corona decided to come back with a collab now https://t.co/EL7Q3nvA02",,Twitter for iPhone
128,Africa ğŸ‡¿ğŸ‡¦ğŸ’–,South Africa,I love the root of all evilsğŸ˜› | Brenda FassieğŸ˜˜ | Winnie Madikizela-Mandela City.ğŸ”¥ğŸ˜â¤âœŠ,False,2022-01-01 10:41:52+00:00,"@CyrilRamaphosa Yima where is Corona? Why are you quiet? What are you guys and your ""bosses"" up to? Have you given a name of a new variant? Do you sleep peaceful like very peaceful at night?

NB: I'm not accusing you with anything, I'm just asking questions.",,Twitter for Android
129,Jaco Joubert,South Africa,I just am,False,2022-01-01 10:00:13+00:00,So wie is positief vir Wingerd Corona 22?,,Twitter for Android
130,StormerFreak,"Cape Town, South Africa","Love rugby, detest racism, fight for fairness.Tired of anti Vax propagandağŸ˜´. Instead of screaming from rooftops, simply don't take it! Your life, your choice!",False,2022-01-01 09:59:26+00:00,"@alfred_cabonena Possibly the proof of the weakening of Corona virus till it becomes just another Flu variant?  If so, light at the end of tunnel at last",,Twitter for Android
131,Syn Rank,South Africa,,False,2022-01-01 08:54:27+00:00,"@AdvoBarryRoux Give a guy a break,corona ruined everything,the economy,job etc",,Twitter for Android
132,Den,South Africa,"IT: Business Analysis ğŸ‘¨ğŸ¾â€ğŸ“ 
House Music enthusiast
Entrepreneur 
Profound Roar ğŸ¦",False,2022-01-01 07:08:58+00:00,"@TOPSatSPAR please teach your employees at hammarsdale Tops about false advertising. Box of Corona Beer was written on the fridge as R299. On the till it was R369 instead of rectifying this, the manager was hella rude. Very dissapointing!",,Twitter Web App
133,Simon Motswana,South Africa,Being black and proud,False,2022-01-01 07:01:49+00:00,@LandNoli Weak explanation and did the Corona Council approve this move?  What ever that committee is called,,Twitter for Android
134,ğ•¶ğ–Šğ–›ğ–ğ–“ ğ–™ğ–ğ–Š ğ•¬ğ–™ğ–ğ–Šğ–ğ–˜ğ–™,"Cape Town, South Africa ","MAGA IS CANCELLED !!
I do not know all the facts but I aspire to learn as much as I can #secularism
I do follow back if you follow
DMs not for dating or romance",False,2022-01-01 06:29:10+00:00,@GOP Corona Virus is red,,Twitter Web App
135,Capestop,"Cape Town, South Africa","Things to do, on stage entertainment, markets, be activeÂ & news. Thus stop, stay & play in #CapeTown.",False,2022-01-01 05:35:00+00:00,"COVID-19 news update

#virus #lockdown #corona #omicron 
https://t.co/uGs0ZhjhQX https://t.co/NEgLSwapDm","['virus', 'lockdown', 'corona', 'omicron']",Twitter Web App
136,RubicsC,South Africa,"Aspiring##

Python backend Developer, Bug Bounty Hunter.

Caution!! 
Noob on board!",False,2022-01-01 05:27:33+00:00,Flu and Corona just had a kid??ğŸ˜³ğŸ˜³...we F****kd.. https://t.co/CU0kksJ3iU,,Twitter for Android
137,TheTrue_Owl,South Africa ,Sup. I'm a weeb and I'm in high school. bored so feel free to dm.,False,2022-01-01 03:01:28+00:00,@_Izitto @MagieKarp @papauwuplays Unpopular opinion corona sucks. I'm with magie on this I had one earlier it sucked ass bro,,Twitter for Android
138,TheTrue_Owl,South Africa ,Sup. I'm a weeb and I'm in high school. bored so feel free to dm.,False,2022-01-01 01:54:13+00:00,@Skawtzilla Yesssirr already took a few shots and had a couple corona... unpopular opinion they suck,,Twitter for Android
139,gabriella nikky,south africa,Iâ€™m just gratefulğŸ™ğŸ½ğŸ™ğŸ½ğŸ’«ğŸŒ¹,False,2022-01-01 01:12:03+00:00,"@DrOlufunmilayo God have mercy, double infection of corona and flu virus ke ? Aahhann , eyi po ooğŸ™„",,Twitter for iPhone
140,Ruan Bekker ğŸ‡¿ğŸ‡¦,South Africa,"DevOps Engineer | Linux Fanatic | AWS, ğŸ³Containers, ğŸ“ˆObservability,ğŸ“Blogger @sysadmins | ğŸ¸ Guitarist | ex @awscloud | Opinions are my own",False,2021-12-31 23:29:51+00:00,@alejandrojnm Happy New Year ğŸš€ i just had a Corona myself a couple of hours ago. All of the best for the new year!,,Twitter for iPhone
141,Skobo Se-se Nice,South Africa,I have random moments where what I tweet actually makes sense... UNBEARDED...UNBOTHERED IG: @i_am_lipo â€¢I am the stone that the builder refusedâ€¢,False,2021-12-31 22:12:17+00:00,"Been here 30 min

I've had

Corona
3 shots
Champaign",,Twitter for Android
142,BethRî¨€,South Africa ,"Éª'á´ á´Šá´œsá´› sá´‡á´‡á´‹ÉªÉ´É¢ á´›Êœá´‡ á´›Ê€á´œá´›Êœ ÉªÉ´ á´›ÊœÉªs Ò“á´€á´‹á´‡ á´¡á´Ê€ÊŸá´… , Éª É´á´‡á´‡á´… á´˜á´‡á´€á´„á´‡",False,2021-12-31 21:52:47+00:00,@sunhill08 Yup saw the news think it was china that threw their pets out of apartment buildings. Man that broke my heart still does . Some animals was vaccinated in 2018 or something for corona I did post about it .,,Twitter for Android
143,Cherub ğŸ‘¼ğŸ§šâ€â™€ï¸ğŸ’›,South Africa,"Honest, fun, highly independent, golden ğŸ’› I love my only son sooo muchâ¤ and most importantly am a God fearing womanğŸ™",False,2021-12-31 21:49:48+00:00,"We are 10 munites away from 2022 ğŸ§šâ€â™€ï¸ğŸ§šâ€â™€ï¸ğŸ§šâ€â™€ï¸ğŸ§šâ€â™€ï¸ğŸ’ƒğŸ’ƒğŸ’ƒğŸ’ƒğŸŒºğŸŒºğŸŒºğŸŒºğŸŒ·ğŸŒ·ğŸŒ·ğŸ’šğŸ’šğŸ’š  corona asikusabiğŸš®ğŸš®ğŸš®ğŸš®

#UkhozifmNYE asibe happy lady du https://t.co/hVdpO1Rb95",['UkhozifmNYE'],Twitter for Android
144,ğŸ“€Gugu Nogwebela,South Africa,Don't complicate it...just followğŸ³ï¸â€ğŸŒˆğŸ‡¿ğŸ‡¦,False,2021-12-31 21:03:04+00:00,"@ZiieCmelan I've been having it for a few days, even thought it's a new side effect for corona",,Twitter for Android
145,Sizwe,South Africa,Three Times Cum- Laude GraduateğŸ‘¨â€ğŸ“ğŸ‘©â€ğŸ“ğŸ‘¨â€ğŸ“ğŸ“š Brand influencer.. Social Media Strategist. Tech enthusiast !! Passion in Inclusive Education.,False,2021-12-31 20:55:49+00:00,"Florona its world cup final of Flue vs Corona 

Venue: Israel https://t.co/WNJb8VhaEz",,Twitter for iPhone
146,LO. ğŸŒ»,South Africa,"Be cool in real life, not just on the internet. No rain, no flowers. ğŸ’œ ğŸš€",False,2021-12-31 20:43:25+00:00,"Corona and influenza? Lord, have mercy!",,Twitter for iPhone
147,Lady Harlow,"Cape Town, South Africa",she/they ğŸŒˆ,False,2021-12-31 19:40:12+00:00,FLORONA???? Corona doing collabs now???? I hate it here! Iâ€™ve seen enough. I truly have witnessed enough. Iâ€™m good. Lemme go see the father! https://t.co/T4wrxLsUhO,,Twitter for iPhone
148,SPANKDADDY 8000,"Cape Town, South Africa","G
E
M",False,2021-12-31 19:27:50+00:00,"Ngihleli ngedwa layndlini with a 12 pack of Corona listening to @isaiahrashad . 
Idk but this might be one of my nicest Decembers mate",,Twitter for Android
149,Luke,"Cape Town, South Africa","Raconteur, flaneur, connoisseur, saboteur. Wine lover. Quant. Actuarial student. Views are my own, not my employerâ€™s.",False,2021-12-31 19:19:56+00:00,"First bubbly of the evening - the leesy and decadent â€˜15 Kleine Zalze

â€¦ well-deserved after a dry Christmas (thanks Corona ğŸ¤¦â€â™‚ï¸)

And a tidy celebration in my new flat !! https://t.co/KF7RAVdEDu",,Twitter for iPhone
150,Maurovici is Not Real,South Africa,""" Iâ€™m not drowning , Iâ€™m waiting in the water "" Graphic Design and Branding",False,2021-12-31 18:52:29+00:00,@Mxthunjwa Lol itâ€™s cooking me that thing ima take a break . Corona only,,Twitter for iPhone
151,Wade John Beckett,"Cape Town, South Africa","#lovewins #unmask #disobey #organichuman #monero #peacefulnoncompliance #fearisthemindkiller #civildisobedience

https://t.co/Etl2eWmDrh",False,2021-12-31 17:21:39+00:00,"My 7-year-old nephew - ""We should call corona poo-rona, because it's all a bunch of pooh"".

ğŸ¤£",,Twitter Web App
152,SÃ®mtÃ¤rndilÃ© â™,South Africa,"Live in the moment, Man CityğŸ’™ Afrobeatsâ¤ï¸ For Peace of Mind I Drink Water and Mind my Business, Ambidextrous",False,2021-12-31 17:17:56+00:00,So what are we leaving in 2021 except Corona? ğŸ˜‚,,Twitter for Android
153,Madoda Oyiya,South Africa,Xhosa | That #LiquidMEvents Guy | Instagram @dopla_101 ğŸ‡¿ğŸ‡¦ğŸ³ï¸â€ğŸŒˆ,False,2021-12-31 16:36:11+00:00,@MURKYCLEAR Just had 1 corona â€¦ angikho right ğŸ¤¦ğŸ¾â€â™‚ï¸ maybe I should try another one ğŸ¤¡ğŸ˜­ğŸ˜©,,Twitter for iPhone
154,AQA,Cape Town - South Africa,DECLARE @bio varchar(160) SET @bio = 'Sneaker Head' PRINT @bio,False,2021-12-31 16:01:44+00:00,What is this about Florona now? A flu and Corona hybrid? Somebody ask Neo to go reboot the matrix abeg,,Twitter for iPhone
155,Pal Mabelane,Burgersfort,"Father, Son, Brother, Friend #Khosi4life, @FCBarcelona and @LCFC. Simple man with simple thoughts.Instagram leagak82",False,2021-12-31 15:35:35+00:00,"Bruh, got to @PicknPay Liquor Steelpoort ke re ke itshware ka 24 Corona, ba re e fedile ka 10AM....ka 1PM ba ba hlokileng Corona ba feditÅ¡e Sol le Miller. Gin &amp; Tonic it is...",,Twitter for Android
156,SirboringğŸ‡¿ğŸ‡¦ğŸ‡¿ğŸ‡¦ğŸ‡¿ğŸ‡¦,South Africa,DM if I make You Smile.,False,2021-12-31 14:28:04+00:00,So Corona and the flu now breeding viruses like a Cape Flats backyard dog breeder https://t.co/MTSXHv8JUA,,Twitter for Android
157,Tumishi Nkoana,"Centurion, South Africa",,False,2021-12-31 13:39:46+00:00,"@SABreakingNews That will be a miracle like corona virus waiting for elections to pass then boom, OMICRON after elections. From 1994 ANC took  over people started losing jobs then boom..!2022 ANC creating JOBS.",,Twitter for Android
158,MisuKatlehong,South Africa,.,False,2021-12-31 12:46:15+00:00,@LordKissypants And then he uses the same sticks to eat then go hug and kiss his parents voila Corona is born......mxm.,,Twitter for Android
159,ğƒá´›á´œÉ´É´á´‡ğ‚,"Atlantis, South Africa",alter ego of @stunner_twtz,False,2021-12-31 11:20:58+00:00,@Corona_Anbe Watha,,Twitter for Android
160,ğƒá´›á´œÉ´É´á´‡ğ‚,"Atlantis, South Africa",alter ego of @stunner_twtz,False,2021-12-31 11:20:52+00:00,@Corona_Anbe ROFL bro ğŸ˜‚ğŸ¤£ğŸ˜‚ğŸ¤£ğŸ˜‚,,Twitter for Android
161,Reginah Diamond,South Africa,"I'm an ambitious gogetter, whose fascinated about financial markets and investsments.",False,2021-12-31 09:53:21+00:00,"@Lipra_LM @helenzille Yes that is very true, cos doctors have said that everyone who had omricon, now has a strong immune system and will be able to fight all the variants to come in the future...corona is now weak, it is just a mild flu now!",,Twitter for Android
162,Live. Read. Travel,South Africa,"Lover of life | Bookworm | Chief Travelling Officer | Digital Ninja | Skinvestor | Sunscreen lover
Instagram: @livereadtravel",False,2021-12-31 09:27:27+00:00,I think globally we should all agree that this is the last December we will be dealing with this Corona mess...,,Twitter for Android
163,ğƒá´›á´œÉ´É´á´‡ğ‚,"Atlantis, South Africa",alter ego of @stunner_twtz,False,2021-12-31 09:18:31+00:00,@Corona_Anbe Header vachiko ğŸ’†ğŸ»,,Twitter for Android
164,ğŸŒ»LoloğŸŒ»,CAPE TOWN,You are only sane until diagnosed insane                   SC: King ğŸ‘‘,False,2021-12-31 09:06:24+00:00,"Jokes aside donâ€™t drink and drive, itâ€™s not attractive or cute. You think Corona canâ€™t kill you, your car will.
Buy enough alcohol to keep you from driving, 
The couch is a bed too.
Eat food before you drink
Drink water (3-4l)",,Twitter for iPhone
165,100 tawağŸ•¯ğŸ’°,"Kwa-Thema, South Africa","Respect, Love and Value women For we are nothing without them.",False,2021-12-31 08:34:39+00:00,@Vaalian_016 @konolicious1 @She1laSm1th Maybe corona it can't be black label,,Twitter for Android
166,tracy mudu,South Africa,"Focused, You will like me if you not offended by facts. Donâ€™t take self too seriously.",False,2021-12-31 08:26:05+00:00,"@dk_dax Its nauseating, they allowing cities that they rule to be pigsty in the name of Pan Africanism but all aspire to build in Cape Town, they disgust me. Corona also helped humble some racists there who thought their places is only for Europeans. I have no sympathy for that gang.",,Twitter for Android
167,Merentia v d Vent,"Cape Town, South Africa","Radio news achor & reporter

i RETWEET opinions & reactions & trends (NOT MY OWN)

Also ğŸ’• #merentiasadventures ğŸ’– 
#merentiaskitchen ğŸ’

newsmerentia@gmail.com",False,2021-12-31 07:51:55+00:00,"The tide is turning.

Finally the corona virus is on her way out.

But I digress, what are your New Year's Eve plans?",,Twitter for Android
168,ğŸ§šğŸ¼â€â™€ï¸PeterPan21ğŸ¦‰,"Cape Town, South Africa",ğŸ‘…,False,2021-12-31 07:49:55+00:00,Corona is like heroin one it is in your system,,Twitter for Android
169,ğŸ‡¿ğŸ‡¦ H!lda Jansen ğŸ’,"Mossel Bay, South AfricağŸ‡¿ğŸ‡¦",,False,2021-12-31 07:41:11+00:00,@TimesLIVE There is no problem with this. Your grown go  get vaccine and wear your mask. But you'll get people who will stop wearing mask thinking there is no corona no social distance.,,Twitter for Android
170,ke Bokang.,"Cape Town, South Africa",i'm figuring it out,False,2021-12-31 07:14:56+00:00,Guys I am actually dead. The things peer pressure makes boys doğŸ¤£ğŸ¤£ğŸ¤£ğŸ¤£ğŸ¤£ğŸ¤£ğŸ¤£ğŸ¤£ğŸ¤£ğŸ¤£ğŸ¤£ğŸ¤£ğŸ¤£ğŸ¤£ğŸ¤£ğŸ¤£ğŸ¤£ğŸ¤£ğŸ¤£ğŸ¤£ğŸ¤£ğŸ¤£ğŸ¤£ğŸ¤£Ba re do you know how horrible the drink 'Corona' tastesğŸ¤£ğŸ¤£ğŸ¤£ğŸ¤£ğŸ¤£ğŸ¤£,,Twitter for Android
171,Lolo Taunyane,South Africa,High Net Worth - Tax Practitioner ğŸ‡¿ğŸ‡¦. An ambitious goal-setter with an earthy soul.Born n bred in Alex.ğŸ’ƒğŸ»,False,2021-12-31 06:46:33+00:00,@nytimes Just wonder who came with these famous disturbing medically scientific names. Omnicron -Delta -Corona ğŸ¤·ğŸ¼â€â™€ï¸ https://t.co/oGw6LbiZ9k,,Twitter for iPhone
172,Ralph Kay,"Cape Town, South Africa","To the one whose got the most of the best, all the better, may the best man win. No man's happier until their end is known.",False,2021-12-31 06:17:06+00:00,@casspernyovest So you are not afraid of corona on a usb,,Twitter for Android
173,Sibongiseni Tyhali,"Kraaifontein, South Africa","Economic Freedom Fighter
follow backk",False,2021-12-31 06:08:59+00:00,@_Shoni_M No one said trafficking is a conspiracy..we all know that human trafficking exist...just like the corona virus exist...your tweet is almost like you are saying we dont know that human trafficking exist...,,Twitter for Android
174,Capestop,"Cape Town, South Africa","Things to do, on stage entertainment, markets, be activeÂ & news. Thus stop, stay & play in #CapeTown.",False,2021-12-31 05:30:00+00:00,"COVID-19 news update

#virus #lockdown #corona #omicron 
https://t.co/uGs0ZhjhQX https://t.co/Yx1MscTkvp","['virus', 'lockdown', 'corona', 'omicron']",Twitter Web App
175,Archi,South Africa,,False,2021-12-31 05:00:25+00:00,"@KhandaniM The Corona Virus Is A Non Existent Virus. Also, Was The President Advised By Science Again? Lol

People Now Know, That The Virus Is Just A Global Political Tool.
The Virus Isn't There, The Vaccines Are Useless!",,Twitter for Android
176,Jairah,,Until the end of time,False,2021-12-31 00:45:59+00:00,"I think south African it's a country where December vibe dominate more than Corona ğŸ˜‚ğŸ¤£ğŸ˜‚ğŸ¤£...
Speaking at behalf of president Ramaphosa",,Twitter for Android
177,KhofiğŸ‡¿ğŸ‡¦,South Africa,"complicated person ğŸ’¦


please follow me i follow back instantly â¤ï¸ğŸŒ https://t.co/85mCgssQe8",False,2021-12-30 22:05:54+00:00,Whats the use of Curfew...just leave us alone guys kanti Corona efetela kadi nako ğŸ¤” https://t.co/wiomfbRZoj,,Twitter for Android
178,MrCalv,,,False,2021-12-30 21:22:23+00:00,"The place to be this NYE is Grand Africa Beach with @GoldFishLive!
All events include Free COVID testing upon arrival before entry. 

Get your tickets: https://t.co/Kq8VmsGzMQ  
 #ThisIsLiving #ChasingSunsets #ad @corona https://t.co/qhsd0RKlp5",,Twitter for iPhone
179,Moraka 2nd wa Phooko,Afrika Borwa,Leave primitive ideologies out or modernize them,False,2021-12-30 20:49:41+00:00,"@ThabangWaAfrika @simbachitando @HomeAffairsSA True, ANC took a huge risk with this ZEP thing and now the risk is real and threatening to remove ANC from power ,...Zanupf has infected ANC with its corona",,Twitter for Android
180,Th3__Cr3at0r,South Africa,â€œDEFEATED THE ODDSâ€ â€œIT TAKES COURAGEâ€ â€œFATEâ€ â€œFAITHâ€ â€œSAMURAIâ€ â€œDRAKEâ€™s FAVOURITE SONâ€ @manutd,False,2021-12-30 20:20:44+00:00,@DSaviolus Days before Corona,,Twitter for iPhone
181,Monty,South Africa ,Life is a Continual Learning Process â— I choose Me â— I Write What I Like ~ Biko â— Tweets Mine â— Noncomformist â— Lead Life â— #OrlandoPiratesFC â—,False,2021-12-30 19:22:56+00:00,MEDIA RELEASE: CABINET APPROVES CHANGES TO COVID-19 REGULATIONS - SA Corona Virus Online Portal https://t.co/g4E1Hn64Xa,,Twitter for iPhone
182,Svitro Mvulane,Bergville,I hate it when people pour my cereal. They don't know how much I want. They don't know my life. They don't know what I've been through.,False,2021-12-30 19:19:58+00:00,Corona takes leave tomorrow? ğŸ¤”ğŸ¤” https://t.co/jLb2o6VF7t,,Twitter for Android
183,Gift,"Durban,KZN,South Africa",Enemy of group think and the Thought Police. PR & Comms. Free markets. Barca Fanatic!,False,2021-12-30 14:26:47+00:00,@Phindulor not him bhebhing livestock please. We already have corona https://t.co/oo9CmyROQO,,Twitter for iPhone
184,Jay Caboz,South Africa,"I tell stories. Passionate about environment and sustainability. Landscape photographer.

CNN Africa Journalist of the Year winner and more",False,2021-12-30 14:24:57+00:00,"Chasing the sun in the African bush. 
#ThisIsLiving #ChasingSunsets #Ad @corona https://t.co/H23FaQXtOO","['ThisIsLiving', 'ChasingSunsets', 'Ad']",Twitter for Android
185,Mimi, South Africa,ğŸ¨ğŸ‘©â€ğŸ¨ğŸ‘— ğŸ‘©â€ğŸ“ğŸ£ğŸ¾ğŸ“š,False,2021-12-30 12:41:32+00:00,"Saw a 8/9 year old downing his mom's Corona bev, I alerted the mom thinking he's steeling. The mom said, ""yena o rata byala shem"" 

Me https://t.co/xwDaOrTpLi",,Twitter for Android
186,Jacques,South Africa,,False,2021-12-30 10:59:22+00:00,@SkyeZedA That plakkies patel is the kind of mofgat that takes sickleave when he gets hayfever.  Pitty corona is not as deadly as they claim it tonbe.,,Twitter Web App
187,khenn...like barbie's ken ğŸ³ï¸â€ğŸŒˆ,South Africa,"genderfluid (he/they)
pansexual
poly",False,2021-12-30 10:19:54+00:00,@Von_Pinzey No but she's too much shem. Phela she drank all the blacks and had the audacity to ask me for the two corona's she left,,Twitter for Android
188,Crypto Geesus ğŸ’œ,"Cape Town, South Africa",I'm so over politics. And into Crypto. If youâ€™re an anti-vaxxer then unfollow me now. No time for fools. #banterfam,False,2021-12-30 09:22:15+00:00,@SunflowerSrina @RobPadoa @RWranglebury Sure. But deaths from corona can be prevented,,Twitter for iPhone
189,Hennie Joubert,Durbanville,Very good specimen,False,2021-12-30 09:10:19+00:00,@thepaulwilliams Nothing as refreshing as an ice cold Corona!,,Twitter for Android
